{
	"version":	"1.0",
	"metadata":	{
		"double sided geometry":	{
			"value":	false
		},
		"navigation hint":	{
			"value":	"Turntable"
		},
		"world bounding box":	{
			"minXYZ":	[-111.5, -58.0083122253418, -22.916666030883789],
			"maxXYZ":	[71.998985290527344, 44.197917938232422, 71.25]
		},
		"world up vector":	{
			"XYZ":	[0, 0, 1]
		},
		"world front vector":	{
			"XYZ":	[0, -1, 0]
		},
		"world north vector":	{
			"XYZ":	[0, 1, 0]
		},
		"distance unit":	{
			"value":	"foot"
		},
		"default display unit":	{
			"value":	"foot"
		},
		"default camera":	{
			"index":	0
		},
		"view to model transform":	{
			"type":	4
		},
		"georeference":	{
			"positionLL84":	[-79.886665269534376, 40.022371938428506, -12],
			"refPointLMV":	[-2.6254507040284807, -0.28998123315977864, -792.49999999999966],
			"positionNative":	[1370149.5631030737, 258246.56404871072, -12],
			"nativeCoordSys":	"PA83-SF"
		},
		"custom values":	{
			"angleToTrueNorth":	333.98444821599986,
			"refPointTransform":	[0.89867502618348194, 0.43861509015778072, 0, -0.43861509015778072, 0.89867502618348194, 0, 0, 0, 1, 1370151.7953399091, 258247.97620990028, 780.49999999999966]
		}
	}
}